{
    "position": [
        37.0550186,
        -80.6206024
    ],
    "state": "Full_RC",
    "full_autonomy_maneuver": "N/A",
    "speed": 0.8081297931920516,
    "velocity_vector": [
        -0.026072727272727275,
        -0.8077090909090909
    ],
    "bearing": 0,
    "heading": -0.10000000149011612,
    "true_wind_speed": 0.8081297931920516,
    "true_wind_angle": 268.15114288878874,
    "apparent_wind_speed": 0,
    "apparent_wind_angle": 0,
    "sail_angle": 0,
    "rudder_angle": -0.015271838754415512,
    "current_waypoint_index": 0,
    "current_route": [],
    "parameters": {},
    "current_camera_image": null,
    "vesc_data_rpm": -4468.4287109375,
    "vesc_data_duty_cycle": -0.5929999947547913,
    "vesc_data_amp_hours": 0.06310000270605087,
    "vesc_data_amp_hours_charged": 9.999999747378752e-05,
    "vesc_data_current_to_vesc": 33.79999923706055,
    "vesc_data_voltage_to_motor": -24.824604034423828,
    "vesc_data_voltage_to_vesc": 47.29999923706055,
    "vesc_data_wattage_to_motor": -1624.770263671875,
    "vesc_data_time_since_vesc_startup_in_ms": 23591948,
    "vesc_data_motor_temperature": -88.0999984741211
}