{
    "position": [
        37.0550622,
        -80.62060129999999
    ],
    "state": "Full_RC",
    "full_autonomy_maneuver": "N/A",
    "speed": 0.11232144250445235,
    "velocity_vector": [
        -0.09165454545454546,
        0.06492727272727272
    ],
    "bearing": 0,
    "heading": -0.10000000149011612,
    "true_wind_speed": 0.11232144250445235,
    "true_wind_angle": 144.68657912875824,
    "apparent_wind_speed": 0,
    "apparent_wind_angle": 0,
    "sail_angle": 0,
    "rudder_angle": -0.015271838754415512,
    "current_waypoint_index": 0,
    "current_route": [],
    "parameters": {},
    "current_camera_image": null,
    "vesc_data_rpm": -1472.5714111328125,
    "vesc_data_duty_cycle": -0.19499999284744263,
    "vesc_data_amp_hours": 0.0471000000834465,
    "vesc_data_amp_hours_charged": 9.999999747378752e-05,
    "vesc_data_current_to_vesc": 3.0899999141693115,
    "vesc_data_voltage_to_motor": -8.180952072143555,
    "vesc_data_voltage_to_vesc": 48.20000076293945,
    "vesc_data_wattage_to_motor": -148.72972106933594,
    "vesc_data_time_since_vesc_startup_in_ms": 23592080,
    "vesc_data_motor_temperature": -87.5999984741211
}