{
    "position": [
        37.0548729,
        -80.62043489999999
    ],
    "state": "Full_RC",
    "full_autonomy_maneuver": "N/A",
    "speed": 1.9531793031062574,
    "velocity_vector": [
        1.6431454545454547,
        -1.0559272727272728
    ],
    "bearing": 0,
    "heading": -0.10000000149011612,
    "true_wind_speed": 1.9531793031062574,
    "true_wind_angle": 327.2741632949317,
    "apparent_wind_speed": 0,
    "apparent_wind_angle": 0,
    "sail_angle": 0,
    "rudder_angle": -0.015271838754415512,
    "current_waypoint_index": 0,
    "current_route": [],
    "parameters": {},
    "current_camera_image": null,
    "vesc_data_rpm": -1947.857177734375,
    "vesc_data_duty_cycle": -0.27300000190734863,
    "vesc_data_amp_hours": 0.15080000460147858,
    "vesc_data_amp_hours_charged": 0.0006000000284984708,
    "vesc_data_current_to_vesc": 8.800000190734863,
    "vesc_data_voltage_to_motor": -10.821428298950195,
    "vesc_data_voltage_to_vesc": 47.70000076293945,
    "vesc_data_wattage_to_motor": -412.8374938964844,
    "vesc_data_time_since_vesc_startup_in_ms": 24376660,
    "vesc_data_motor_temperature": -88.4000015258789
}