{
    "position": [
        37.0550186,
        -80.6206024
    ],
    "state": "Full_RC",
    "full_autonomy_maneuver": "N/A",
    "speed": 0.8081297931920516,
    "velocity_vector": [
        -0.026072727272727275,
        -0.8077090909090909
    ],
    "bearing": 0,
    "heading": -0.10000000149011612,
    "true_wind_speed": 0.8081297931920516,
    "true_wind_angle": 268.15114288878874,
    "apparent_wind_speed": 0,
    "apparent_wind_angle": 0,
    "sail_angle": 0,
    "rudder_angle": -0.015271838754415512,
    "current_waypoint_index": 0,
    "current_route": [],
    "parameters": {},
    "current_camera_image": null,
    "vesc_data_rpm": -2061.142822265625,
    "vesc_data_duty_cycle": -0.27900001406669617,
    "vesc_data_amp_hours": 0.05090000107884407,
    "vesc_data_amp_hours_charged": 9.999999747378752e-05,
    "vesc_data_current_to_vesc": 9.3100004196167,
    "vesc_data_voltage_to_motor": -11.450793266296387,
    "vesc_data_voltage_to_vesc": 47.79999923706055,
    "vesc_data_wattage_to_motor": -440.7410583496094,
    "vesc_data_time_since_vesc_startup_in_ms": 23590228,
    "vesc_data_motor_temperature": -89.4000015258789
}