{
    "position": [
        37.0548729,
        -80.62043489999999
    ],
    "state": "Full_RC",
    "full_autonomy_maneuver": "N/A",
    "speed": 1.9531793031062574,
    "velocity_vector": [
        1.6431454545454547,
        -1.0559272727272728
    ],
    "bearing": 0,
    "heading": -0.10000000149011612,
    "true_wind_speed": 1.9531793031062574,
    "true_wind_angle": 327.2741632949317,
    "apparent_wind_speed": 0,
    "apparent_wind_angle": 0,
    "sail_angle": 0,
    "rudder_angle": -0.015271838754415512,
    "current_waypoint_index": 0,
    "current_route": [],
    "parameters": {},
    "current_camera_image": null,
    "vesc_data_rpm": -3008,
    "vesc_data_duty_cycle": -0.42899999022483826,
    "vesc_data_amp_hours": 0.156700000166893,
    "vesc_data_amp_hours_charged": 0.000699999975040555,
    "vesc_data_current_to_vesc": 28.010000228881836,
    "vesc_data_voltage_to_motor": -16.711111068725586,
    "vesc_data_voltage_to_vesc": 47.29999923706055,
    "vesc_data_wattage_to_motor": -1269.041748046875,
    "vesc_data_time_since_vesc_startup_in_ms": 24509452,
    "vesc_data_motor_temperature": -88.9000015258789
}