{
    "position": [
        37.0552785,
        -80.6204051
    ],
    "state": "Full_RC",
    "full_autonomy_maneuver": "N/A",
    "speed": 1.5807632211442404,
    "velocity_vector": [
        1.1394181818181819,
        -1.095690909090909
    ],
    "bearing": 0,
    "heading": 79.5999984741211,
    "true_wind_speed": 1.5807632211442404,
    "true_wind_angle": 316.12078136162495,
    "apparent_wind_speed": 0,
    "apparent_wind_angle": 0,
    "sail_angle": 0,
    "rudder_angle": 6.643249988555908,
    "current_waypoint_index": 0,
    "current_route": [],
    "parameters": {},
    "current_camera_image": null,
    "vesc_data_rpm": -2021.2857666015625,
    "vesc_data_duty_cycle": -0.2709999978542328,
    "vesc_data_amp_hours": 0.020500000566244125,
    "vesc_data_amp_hours_charged": 0,
    "vesc_data_current_to_vesc": 9.199999809265137,
    "vesc_data_voltage_to_motor": -11.229365348815918,
    "vesc_data_voltage_to_vesc": 48.79999923706055,
    "vesc_data_wattage_to_motor": -439.9665222167969,
    "vesc_data_time_since_vesc_startup_in_ms": 16512341,
    "vesc_data_motor_temperature": -84.9000015258789
}