{
    "position": [
        37.0552451,
        -80.6203333
    ],
    "state": "Full_RC",
    "full_autonomy_maneuver": "N/A",
    "speed": 1.0798654036116517,
    "velocity_vector": [
        0.9388909090909091,
        -0.5334727272727273
    ],
    "bearing": 0,
    "heading": -0.10000000149011612,
    "true_wind_speed": 1.0798654036116517,
    "true_wind_angle": 330.3949964342785,
    "apparent_wind_speed": 0,
    "apparent_wind_angle": 0,
    "sail_angle": 0,
    "rudder_angle": 24.84728240966797,
    "current_waypoint_index": 0,
    "current_route": [],
    "parameters": {},
    "current_camera_image": null,
    "vesc_data_rpm": -2061.142822265625,
    "vesc_data_duty_cycle": -0.27399998903274536,
    "vesc_data_amp_hours": 0.043800000101327896,
    "vesc_data_amp_hours_charged": 0,
    "vesc_data_current_to_vesc": 9.369999885559082,
    "vesc_data_voltage_to_motor": -11.450793266296387,
    "vesc_data_voltage_to_vesc": 48.79999923706055,
    "vesc_data_wattage_to_motor": -450.8177490234375,
    "vesc_data_time_since_vesc_startup_in_ms": 16841944,
    "vesc_data_motor_temperature": -85.5999984741211
}