{
    "position": [
        37.0550622,
        -80.62060129999999
    ],
    "state": "Full_RC",
    "full_autonomy_maneuver": "N/A",
    "speed": 0.11232144250445235,
    "velocity_vector": [
        -0.09165454545454546,
        0.06492727272727272
    ],
    "bearing": 0,
    "heading": -0.10000000149011612,
    "true_wind_speed": 0.11232144250445235,
    "true_wind_angle": 144.68657912875824,
    "apparent_wind_speed": 0,
    "apparent_wind_angle": 0,
    "sail_angle": 0,
    "rudder_angle": -0.015271838754415512,
    "current_waypoint_index": 0,
    "current_route": [],
    "parameters": {},
    "current_camera_image": null,
    "vesc_data_rpm": -2874.142822265625,
    "vesc_data_duty_cycle": -0.42899999022483826,
    "vesc_data_amp_hours": 0.02969999983906746,
    "vesc_data_amp_hours_charged": 0,
    "vesc_data_current_to_vesc": 57.84000015258789,
    "vesc_data_voltage_to_motor": -15.967460632324219,
    "vesc_data_voltage_to_vesc": 46.599998474121094,
    "vesc_data_wattage_to_motor": -2505.29443359375,
    "vesc_data_time_since_vesc_startup_in_ms": 23065940,
    "vesc_data_motor_temperature": -88.4000015258789
}