{
    "position": [
        37.055045799999995,
        -80.62060869999999
    ],
    "state": "Full_RC",
    "full_autonomy_maneuver": "N/A",
    "speed": 0.38332297453963987,
    "velocity_vector": [
        -0.17827272727272728,
        -0.33934545454545456
    ],
    "bearing": 0,
    "heading": -0.10000000149011612,
    "true_wind_speed": 0.38332297453963987,
    "true_wind_angle": 242.28512744581036,
    "apparent_wind_speed": 0,
    "apparent_wind_angle": 0,
    "sail_angle": 0,
    "rudder_angle": -0.015271838754415512,
    "current_waypoint_index": 0,
    "current_route": [],
    "parameters": {},
    "current_camera_image": null,
    "vesc_data_rpm": -2061.142822265625,
    "vesc_data_duty_cycle": -0.27900001406669617,
    "vesc_data_amp_hours": 0.05090000107884407,
    "vesc_data_amp_hours_charged": 9.999999747378752e-05,
    "vesc_data_current_to_vesc": 9.3100004196167,
    "vesc_data_voltage_to_motor": -11.450793266296387,
    "vesc_data_voltage_to_vesc": 47.79999923706055,
    "vesc_data_wattage_to_motor": -440.7410583496094,
    "vesc_data_time_since_vesc_startup_in_ms": 23590228,
    "vesc_data_motor_temperature": -89.4000015258789
}