{
    "position": [
        37.0550651,
        -80.6205998
    ],
    "state": "Full_RC",
    "full_autonomy_maneuver": "N/A",
    "speed": 0.16139653544265614,
    "velocity_vector": [
        -0.07161818181818183,
        0.14463636363636362
    ],
    "bearing": 0,
    "heading": -0.10000000149011612,
    "true_wind_speed": 0.16139653544265614,
    "true_wind_angle": 116.34278542606037,
    "apparent_wind_speed": 0,
    "apparent_wind_angle": 0,
    "sail_angle": 0,
    "rudder_angle": -0.015271838754415512,
    "current_waypoint_index": 0,
    "current_route": [],
    "parameters": {},
    "current_camera_image": null,
    "vesc_data_rpm": -2121,
    "vesc_data_duty_cycle": -0.3059999942779541,
    "vesc_data_amp_hours": 0.012000000104308128,
    "vesc_data_amp_hours_charged": 0,
    "vesc_data_current_to_vesc": 18.739999771118164,
    "vesc_data_voltage_to_motor": -11.783333778381348,
    "vesc_data_voltage_to_vesc": 47.70000076293945,
    "vesc_data_wattage_to_motor": -844.511474609375,
    "vesc_data_time_since_vesc_startup_in_ms": 22871052,
    "vesc_data_motor_temperature": -88.30000305175781
}