{
    "position": [
        37.0550417,
        -80.6203938
    ],
    "state": "Full_RC",
    "full_autonomy_maneuver": "N/A",
    "speed": 0.7699994805193052,
    "velocity_vector": [
        -0.5127999999999999,
        0.5744
    ],
    "bearing": 0,
    "heading": -0.10000000149011612,
    "true_wind_speed": 0.7699994805193052,
    "true_wind_angle": 131.7571279704176,
    "apparent_wind_speed": 0,
    "apparent_wind_angle": 0,
    "sail_angle": 0,
    "rudder_angle": -0.015271838754415512,
    "current_waypoint_index": 0,
    "current_route": [],
    "parameters": {},
    "current_camera_image": null,
    "vesc_data_rpm": 0,
    "vesc_data_duty_cycle": 0,
    "vesc_data_amp_hours": 0.3431999981403351,
    "vesc_data_amp_hours_charged": 0.002099999925121665,
    "vesc_data_current_to_vesc": 0,
    "vesc_data_voltage_to_motor": 0,
    "vesc_data_voltage_to_vesc": 47.79999923706055,
    "vesc_data_wattage_to_motor": 0,
    "vesc_data_time_since_vesc_startup_in_ms": 24968408,
    "vesc_data_motor_temperature": -83.19999694824219
}